<keymap version="1" name="XWin copy" parent="Default for XWin">
  <action id="ConvertIndentsToTabs">
    <keyboard-shortcut first-keystroke="ctrl back_slash" />
  </action>
  <action id="EditorAddOrRemoveCaret">
    <mouse-shortcut keystroke="alt button1" />
    <mouse-shortcut keystroke="shift control button1" />
  </action>
  <action id="Generate">
    <keyboard-shortcut first-keystroke="alt equals" />
  </action>
  <action id="GotoTypeDeclaration">
    <keyboard-shortcut first-keystroke="shift ctrl b" />
  </action>
  <action id="ReformatCode">
    <keyboard-shortcut first-keystroke="ctrl alt l" />
    <keyboard-shortcut first-keystroke="ctrl alt semicolon" />
  </action>
  <action id="bootRuntime.main.ChooseBootRuntimeAction">
    <keyboard-shortcut first-keystroke="ctrl alt r" />
  </action>
</keymap>