<application>
  <component name="FileTypeManager" version="18">
    <extensionMap>
      <mapping ext="custom" type="AUTO_DETECTED" />
      <mapping pattern="Makefile*" type="Makefile" />
      <mapping pattern=".php_cs.dist" type="PHP" />
      <mapping pattern=".php_cs" type="PHP" />
      <mapping pattern=".gitkeep" type="PLAIN_TEXT" />
      <mapping pattern=".dist" type="PLAIN_TEXT" />
      <mapping ext="mysql" type="PLAIN_TEXT" />
      <mapping ext="gitkeep" type="PLAIN_TEXT" />
      <mapping ext="dist" type="PLAIN_TEXT" />
    </extensionMap>
  </component>
</application>